first_name,last_name,email,gender,age,car,job,favourite_film 
Mandie,Morcombe,mmorcombe0@state.tx.us,Female,62,Opel,Product Engineer,Thriller
Griswold,Basnett,gbasnett1@ft.com,Male,65,Renault,Structural Engineer,Comedy
Connie,Tomaselli,ctomaselli2@purevolume.com,Female,46,Mazda,Junior Executive,Drama
Fonz,Emney,femney3@ucoz.com,Male,77,Renault,Engineer IV,Drama
Shurlock,Lund,slund4@yelp.com,Male,44,Mazda,Biostatistician IV,Drama
Hewett,Veart,hveart5@unc.edu,Male,64,BMW,Compensation Analyst,Action
Abigail,Hardwidge,ahardwidge6@feedburner.com,Female,51,Dacia,Financial Analyst,Thriller
Stephen,Macauley,smacauley7@google.com,Male,67,Renault,Chief Design Engineer,Drama
Abbe,Haugen,ahaugen8@nyu.edu,Female,48,Mazda,Physical Therapy Assistant,Thriller
Maxie,Currall,mcurrall9@scientificamerican.com,Male,25,Opel,Legal Assistant,Thriller
Sindee,Ivimy,sivimya@phpbb.com,Female,56,Opel,Executive Secretary,Thriller
Isabeau,Woolmer,iwoolmerb@cocolog-nifty.com,Female,33,BMW,Internal Auditor,Action
Deeanne,Broxton,dbroxtonc@gov.uk,Female,26,Renault,Human Resources Assistant I,Thriller
Lynnell,Hastelow,lhastelowd@surveymonkey.com,Female,57,Renault,Senior Financial Analyst,Comedy
Darell,Gipp,dgippe@dedecms.com,Female,22,Renault,Electrical Engineer,Thriller
Ernest,Gladdor,egladdorf@washington.edu,Male,30,Renault,Sales Representative,Thriller
Aland,Gawthorpe,agawthorpeg@youtube.com,Male,57,Renault,Web Designer II,Thriller
Osbourn,Beharrell,obeharrellh@umn.edu,Male,58,Renault,Cost Accountant,Drama
Larissa,Elwood,lelwoodi@tumblr.com,Female,21,Renault,Database Administrator III,Thriller
Lyn,Cannicott,lcannicottj@nasa.gov,Female,22,Renault,Paralegal,Thriller
